{"cameraMode":{"drawMode":0,"name":"Shaded","section":"Shading Mode"},"sceneLighting":false,"audioPlay":false,"sceneViewState":{"showFog":true,"showMaterialUpdate":false,"showSkybox":false,"showFlares":true,"showImageEffects":true,"showParticleSystems":true,"showVisualEffectGraphs":true,"m_FxEnabled":false},"in2DMode":false,"pivot":{"x":75.95751190185547,"y":3.7740657329559328,"z":48.64414978027344},"rotation":{"x":0.0014458500081673265,"y":0.9681596755981445,"z":-0.25082632899284365,"w":0.0058406442403793339},"size":3.841193199157715,"orthographic":false}