{"cameraMode":{"drawMode":0,"name":"Shaded","section":"Shading Mode"},"sceneLighting":true,"audioPlay":false,"sceneViewState":{"showFog":true,"showMaterialUpdate":false,"showSkybox":true,"showFlares":true,"showImageEffects":true,"showParticleSystems":true,"showVisualEffectGraphs":true,"m_FxEnabled":false},"in2DMode":false,"pivot":{"x":31.585023880004884,"y":5.785584449768066,"z":-46.714866638183597},"rotation":{"x":0.0024572887923568489,"y":0.8590787649154663,"z":-0.5118207335472107,"w":0.004124500323086977},"size":6.079013824462891,"orthographic":false}