{"cameraMode":{"drawMode":0,"name":"Shaded","section":"Shading Mode"},"sceneLighting":true,"audioPlay":false,"sceneViewState":{"showFog":true,"showMaterialUpdate":false,"showSkybox":true,"showFlares":true,"showImageEffects":true,"showParticleSystems":true,"showVisualEffectGraphs":true,"m_FxEnabled":false},"in2DMode":false,"pivot":{"x":14.669463157653809,"y":-4.2020368576049809,"z":-55.91352844238281},"rotation":{"x":-0.005886688828468323,"y":0.8727447986602783,"z":-0.48817893862724306,"w":-0.010805950500071049},"size":10.677964210510254,"orthographic":false}