{"cameraMode":{"drawMode":0,"name":"Shaded","section":"Shading Mode"},"sceneLighting":false,"audioPlay":false,"sceneViewState":{"showFog":true,"showMaterialUpdate":false,"showSkybox":false,"showFlares":true,"showImageEffects":true,"showParticleSystems":true,"showVisualEffectGraphs":true,"m_FxEnabled":false},"in2DMode":false,"pivot":{"x":-0.000013366341590881348,"y":0.0028780102729797365,"z":-0.23856087028980256},"rotation":{"x":-0.002523960079997778,"y":0.960544228553772,"z":-0.2782910168170929,"w":-0.008952897042036057},"size":1.05755615234375,"orthographic":false}