{"cameraMode":{"drawMode":0,"name":"Shaded","section":"Shading Mode"},"sceneLighting":false,"audioPlay":false,"sceneViewState":{"showFog":true,"showMaterialUpdate":false,"showSkybox":false,"showFlares":true,"showImageEffects":true,"showParticleSystems":true,"showVisualEffectGraphs":true,"m_FxEnabled":false},"in2DMode":false,"pivot":{"x":-0.6640074253082275,"y":1.5356721878051758,"z":-0.17689454555511475},"rotation":{"x":0.01854097470641136,"y":-0.9785149693489075,"z":0.10164818912744522,"w":0.17896492779254914},"size":1.010938286781311,"orthographic":false}