{"cameraMode":{"drawMode":0,"name":"Shaded","section":"Shading Mode"},"sceneLighting":false,"audioPlay":false,"sceneViewState":{"showFog":true,"showMaterialUpdate":false,"showSkybox":false,"showFlares":true,"showImageEffects":true,"showParticleSystems":true,"showVisualEffectGraphs":true,"m_FxEnabled":false},"in2DMode":false,"pivot":{"x":-0.021316736936569215,"y":0.8474562168121338,"z":-0.028401881456375123},"rotation":{"x":-0.001637761597521603,"y":0.9520807862281799,"z":-0.3058263063430786,"w":-0.00512930890545249},"size":3.076157569885254,"orthographic":false}